account,flag
a27890,0
a29649,0
a28243,0
a07155,0
a15576,0
a09413,1
a23684,0
a15815,0
a08984,1
a06322,1
a08950,1
a02600,0
a18095,0
a27910,0
a11649,1
a02645,0
a18938,0
a10945,0
a23176,0
a25907,1
a17132,0
a09018,1
a02852,0
a02704,0
a24560,1
a08323,0
a00695,0
a15593,0
a29790,0
a06387,0
a09655,1
a10241,1
a01947,1
a13181,0
a02621,0
a05994,1
a23714,0
a02611,1
a04395,0
a11218,0
a06412,1
a15828,0
a26676,1
a15243,0
a04588,0
a01655,0
a12276,1
a27564,1
a21453,1
a12267,0
a15830,0
a27027,0
a19590,1
a25007,1
a12228,0
a11648,1
a12734,0
a04501,0
a23696,0
a30450,0
a00378,0
a05761,0
a06661,1
a11916,0
a21582,0
a11430,0
a10321,1
a20546,1
a05747,0
a31179,0
a30069,1
a25356,0
a04342,0
a11419,1
a25603,0
a07547,0
a24782,1
a10179,0
a08670,0
a01110,0
a20694,0
a22896,0
a08125,1
a19914,0
a05391,0
a03134,0
a30435,0
a22303,1
a26800,0
a13302,0
a16330,0
a14196,0
a20583,0
a28517,1
a13342,0
a26177,0
a19706,0
a19417,0
a20511,0
a30099,0
a21056,0
a12676,0
a05443,1
a07125,1
a21595,1
a23406,1
a08383,1
a18932,1
a10495,0
a15067,0
a14376,0
a25766,0
a10457,0
a18275,1
a27360,1
a26608,0
a06458,0
a29938,0
a19623,0
a25385,0
a06503,1
a03713,1
a22893,1
a11924,1
a20876,0
a17065,0
a25138,0
a30416,0
a03272,0
a03337,1
a22497,0
a06718,0
a20224,0
a24642,0
a20041,0
a26448,0
a03454,1
a08691,0
a14980,0
a03675,0
a12555,1
a23436,0
a25943,1
a17727,1
a05348,0
a00414,0
a13903,0
a29132,0
a05221,1
a05186,1
a18649,0
a06772,1
a03777,0
a06627,1
a18166,0
a16854,0
a22229,0
a27933,0
a07252,0
a07794,0
a19307,1
a17862,0
a22744,0
a08357,1
a11864,1
a30225,1
a07524,1
a06289,1
a14054,1
a06043,1
a21761,0
a18163,1
a04307,0
a05039,1
a24055,0
a11473,0
a30763,1
a19766,0
a01384,0
a07461,0
a18435,1
a19361,0
a16295,1
a10122,0
a14909,1
a02995,1
a20235,0
a17746,0
a15720,0
a11730,0
a13214,1
a14285,0
a04811,0
a30338,0
a26391,0
a14088,0
a23964,1
a17744,1
a17828,1
a19399,0
a28736,0
a23519,0
a22438,1
a00617,0
a28109,0
a14635,0
a07121,0
a31375,0
a25048,0
a22232,0
a23643,1
a02293,1
a14175,0
a27960,1
a24235,1
a30890,0
a05907,1
a19282,1
a08977,0
a14108,0
a07003,0
a03046,0
a22398,1
a20647,0
a20753,1
a21060,0
a13763,0
a18387,0
a19938,0
a00217,1
a02579,0
a07763,0
a20608,0
a23620,1
a30189,0
a02662,0
a22486,0
a11963,1
a17157,0
a00336,1
a10934,0
a09796,0
a07798,0
a03624,1
a12348,0
a17582,1
a19820,0
a08096,1
a30943,0
a05586,0
a20384,1
a30744,1
a22309,0
a28009,0
a10378,1
a16874,0
a17406,1
a29116,1
a12113,1
a27755,0
a21253,0
a06481,0
a30964,0
a00665,0
a21990,0
a05384,0
a21891,1
a20765,1
a24237,1
a21342,1
a29038,1
a18327,0
a06984,1
a05413,0
a24935,0
a19657,0
a28654,0
a24639,0
a00685,0
a05782,0
a16928,1
a08186,0
a13708,0
a28327,1
a18373,1
a15353,1
a16864,0
a17501,0
a00980,0
a24621,1
a11434,0
a19293,1
a31387,1
a11698,0
a07914,0
a24495,0
a12328,0
a28965,0
a02924,1
a13995,0
a08313,1
a07582,0
a18451,0
a13127,0
a11822,0
a24094,0
a27975,1
a12216,0
a23472,0
a26838,1
a20502,1
a24426,1
a13714,1
a10586,1
a13545,1
a11144,1
a26063,0
a25339,0
a23595,0
a26304,0
a06882,1
a27980,0
a05637,0
a03495,0
a09836,0
a08432,1
a18835,0
a31006,0
a25821,1
a19393,1
a04319,0
a20713,0
a26875,1
a28420,0
a13666,0
a15833,1
a15717,0
a01030,0
a07749,1
a05565,0
a27480,1
a12849,0
a09644,1
a07540,1
a02107,1
a21066,1
a27275,0
a27883,0
a04935,0
a29887,1
a02551,0
a08109,0
a00767,1
a25911,1
a04553,1
a12953,1
a10802,1
a04206,1
a00314,0
a06020,0
a12981,0
a20689,1
a03407,0
a26570,0
a22383,1
a29831,0
a18639,0
a12150,1
a08650,1
a17891,1
a31168,1
a15524,0
a07235,0
a16076,0
a22432,0
a04136,1
a06870,0
a04487,0
a16894,1
a20358,0
a09914,0
a20400,1
a22979,0
a00238,1
a23777,0
a03768,0
a24619,0
a08653,0
a13167,0
a29026,1
a00915,1
a09409,1
a07780,0
a11930,0
a09674,0
a10942,1
a11887,1
a21186,0
a13945,0
a04774,1
a05899,1
a29316,0
a20081,0
a12094,1
a26265,0
a02680,0
a08467,0
a25920,0
a02350,0
a26196,0
a01653,0
a25624,1
a18533,0
a13391,0
a02116,1
a10622,0
a30270,0
a11748,0
a04978,0
a08367,0
a00332,0
a20623,1
a28195,1
a19251,0
a26407,0
a04896,0
a29344,0
a16903,0
a13044,0
a23920,1
a19113,0
a09536,0
a12497,0
a27063,0
a31493,0
a21563,0
a18193,1
a23763,0
a16394,0
a00751,1
a04690,1
a23764,1
a27454,1
a31063,1
a21438,1
a17376,0
a04590,0
a19776,0
a21786,0
a25793,0
a20118,0
a22476,0
a27838,1
a00038,1
a13286,0
a21452,1
a12958,1
a26273,1
a26307,0
a12647,0
a28015,1
a09257,0
a11433,1
a22087,0
a16039,0
a13393,0
a07377,1
a03423,1
a23367,1
a23372,0
a17844,1
a07070,0
a08110,0
a29272,0
a30049,0
a17661,0
a10152,1
a22961,1
a27067,0
a07898,0
a07853,0
a27198,0
a29841,0
a00151,0
a09101,0
a14132,0
a15749,1
a02786,1
a20017,0
a02309,0
a25606,0
a05014,0
a03964,0
a29856,1
a24031,1
a16705,0
a27632,0
a15984,0
a19594,0
a07758,1
a09894,0
a15532,0
a31365,0
a18156,0
a06798,0
a08913,1
a20402,1
a16582,1
a06324,1
a14988,0
a05602,1
a15935,1
a19690,0
a19227,0
a17060,0
a06471,0
a09286,1
a05508,1
a25304,0
a24074,1
a21314,1
a08615,0
a02452,1
a25174,1
a21868,1
a29576,0
a14460,1
a01573,1
a26833,0
a04387,1
a23248,1
a20514,0
a08854,0
a27390,1
a15512,0
a06498,0
a02953,1
a20969,1
a01761,0
a08146,0
a25144,1
a19889,1
a04287,1
a15955,0
a24438,0
a00633,0
a29243,0
a22487,0
a20998,1
a28345,0
a27296,1
a03377,0
a24993,0
a01433,1
a12905,1
a04089,1
a04936,0
a12488,0
a09264,1
a26999,0
a03635,0
a13737,0
a22821,1
a26048,0
a22914,0
a15785,0
a24026,0
a17839,1
a27905,0
a15876,1
a01723,0
a09383,0
a19929,1
a30787,1
a16397,0
a02907,1
a13601,1
a16896,1
a22801,1
a03539,0
a12852,0
a23433,0
a02622,1
a08082,0
a03871,1
a23687,1
a06881,0
a16675,0
a29125,0
a01056,0
a14832,0
a04371,1
a25942,1
a15088,1
a22425,0
a16883,0
a03814,0
a00946,1
a15504,0
a07329,0
a12321,1
a15892,1
a29159,1
a05802,1
a02151,0
a02355,1
a25020,1
a04163,1
a22019,1
a27643,1
a16087,0
a12171,1
a22656,1
a28448,0
a25999,1
a19777,0
a05620,1
a26387,1
a13100,0
a22212,1
a25584,1
a08494,0
a01731,1
a19489,1
a20666,1
a23295,0
a20357,0
a13951,1
a05438,1
a17792,0
a17173,0
a07120,1
a07058,0
a21481,0
a18372,0
a08392,1
a17114,1
a06227,1
a16501,0
a28215,0
a02015,1
a13133,1
a10590,1
a19181,1
a19818,0
a30058,0
a29505,1
a31347,1
a09016,0
a16836,0
a19328,0
a25273,1
a14324,0
a02919,1
a06383,0
a17446,0
a00612,1
a22563,0
a28365,1
a25447,1
a18026,0
a19641,0
a04060,1
a05015,0
a29318,1
a30621,0
a03910,0
a06837,1
a27283,0
a31011,1
a02390,0
a03614,0
a29769,0
a05599,1
a31477,0
a24866,1
a12257,1
a02886,0
a04599,1
a02937,0
a07128,1
a02011,1
a09971,0
a09861,1
a14705,0
a25530,0
a12599,0
a27573,1
a13230,0
a10498,1
a21536,0
a31288,1
a27722,1
a13268,1
a13240,0
a12149,1
a05574,0
a30549,0
a12178,1
a27821,0
a10027,1
a00291,1
a21238,1
a22034,1
a13582,0
a14389,0
a22957,1
a22164,1
a11666,0
a08007,1
a00472,0
a11862,1
a13455,1
a13901,0
a26161,1
a03665,0
a25159,0
a19407,0
a10819,0
a09886,0
a24003,0
a07954,0
a29893,0
a05751,1
a25984,0
a27186,0
a20892,0
a25973,1
a09553,1
a13846,0
a19854,1
a19893,0
a05639,1
a25411,1
a01381,0
a11321,0
a26504,0
a01021,0
a08661,1
a09515,0
a10721,1
a10425,1
a25139,0
a23031,1
a10995,1
a01005,0
a02244,0
a18355,1
a04202,1
a28017,0
a25042,0
a15529,0
a29797,0
a28743,1
a20543,0
a06491,1
a26640,1
a04121,0
a08398,0
a01854,0
a21472,0
a15917,1
a09891,0
a05990,0
a13108,0
a05625,0
a27321,0
a16125,0
a15065,1
a01068,0
a15734,0
a09406,0
a30436,0
a01313,0
a29927,0
a23107,0
a20557,0
a16137,1
a01695,0
a12936,1
a08626,0
a25550,1
a12863,1
a22628,0
a04682,1
a05695,0
a19756,0
a21896,0
a12715,0
a11906,1
a17900,1
a00344,1
a13628,0
a28664,1
a22471,0
a29657,0
a29108,1
a04482,0
a01118,0
a18976,0
a00139,0
a30218,1
a19982,0
a00141,0
a13300,1
a22008,1
a20004,0
a18176,1
a19563,1
a25359,0
a11366,1
a21600,1
a03450,1
a18992,1
a21224,0
a23693,0
a18082,1
a19286,0
a08814,1
a00478,1
a16833,1
a09321,1
a00653,0
a27028,0
a16042,0
a10319,0
a29834,1
a26271,0
a20282,0
a19887,0
a14120,0
a12521,0
a12666,0
a06005,1
a25001,1
a21380,0
a04187,0
a21440,1
a08760,1
a13192,1
a06342,0
a29680,0
a12407,1
a22192,0
a17596,0
a26647,0
a27741,0
a25257,0
a18467,0
a16409,1
a27777,0
a00390,1
a24661,1
a09529,1
a02403,0
a22630,1
a18629,1
a20193,0
a23914,0
a13462,1
a23678,0
a29385,1
a18034,0
a23106,1
a03765,0
a12132,1
a08528,1
a24393,0
a05774,1
a18224,0
a13522,0
a06138,1
a18898,1
a03575,0
a21270,0
a18637,1
a01551,1
a02168,1
a28531,0
a22654,0
a02968,1
a08982,1
a09777,1
a14400,1
a07413,0
a02117,1
a30059,0
a13273,0
a06979,1
a27348,1
a07684,0
a17080,0
a00012,1
a10792,0
a23242,1
a18915,0
a25537,1
a08889,1
a10946,1
a14397,0
a21717,1
a18621,0
a20932,0
a26319,0
a08831,1
a09341,0
a07596,0
a03608,0
a17653,1
a08662,0
a04755,1
a10129,1
a19669,0
a27121,0
a18283,0
a06528,0
a07557,1
a30932,0
a19729,0
a14089,1
a06554,0
a07090,1
a29451,1
a06727,1
a20823,1
a06336,0
a26141,1
a28908,1
a24793,0
a28596,0
a05140,1
a27932,1
a19511,0
a11591,1
a02245,1
a01621,0
a00162,1
a17913,1
a17127,1
a04551,1
a07320,1
a25467,0
a11463,1
a00854,0
a17344,0
a17968,0
a06154,1
a29574,0
a05425,1
a09760,1
a11251,0
a23512,0
a12654,1
a11503,1
a17062,1
a26929,1
a31320,1
a20946,0
a00352,1
a21509,0
a14001,1
a31076,0
a19403,1
a01362,0
a15197,0
a26291,1
a23997,1
a02401,0
a17584,1
a29306,0
a26117,1
a21996,1
a12074,1
a23149,1
a27503,0
a14198,0
a28656,1
a26684,1
a11227,1
a20959,0
a21903,0
a23184,1
a04796,1
a18081,1
a30884,0
a27141,0
a03905,0
a25476,0
a10850,1
a15325,0
a23141,1
a25011,1
a02138,0
a14513,0
a10502,0
a02649,1
a22879,0
a28746,1
a18086,0
a03647,1
a30182,0
a15477,1
a02947,0
a19205,0
a28407,1
a19958,1
a15843,1
a12847,0
a25140,0
a30016,1
a24389,1
a06021,0
a17732,0
a26932,0
a06835,0
a22871,0
a00843,1
a22523,0
a26931,0
a27123,0
a26240,1
a20930,0
a17073,1
a20817,1
a09466,0
a11968,0
a20108,0
a28973,0
a11985,0
a04063,0
a31252,0
a04748,0
a14789,0
a10022,0
a16587,1
a08723,1
a15437,1
a01281,0
a14282,0
a23418,0
a05500,0
a25917,1
a11178,1
a10387,0
a09444,0
a18669,1
a20367,1
a00246,0
a06616,1
a01367,1
a05611,0
a04254,0
a03637,0
a18204,1
a02913,0
a00863,0
a31454,0
a02809,0
a03948,0
a17097,0
a11602,1
a12184,1
a28479,0
a05670,0
a06118,0
a19050,1
a15386,0
a16268,1
a14975,0
a07703,1
a13701,1
a13768,0
a05239,1
a26562,1
a18316,1
a18720,0
a25435,0
a11608,0
a18003,0
a02756,0
a03762,1
a19347,0
a02751,0
a25129,1
a26007,0
a28894,0
a15260,0
a28931,1
a18440,0
a22953,0
a29739,1
a16730,1
a20515,0
a26719,0
a09636,1
a13991,0
a05485,0
a11111,0
a26693,1
a01395,1
a07008,1
a08927,1
a09874,0
a24774,1
a15108,0
a30237,1
a00298,1
a29647,0
a28957,1
a19968,0
a22078,0
a14238,1
a23663,0
a23246,0
a23838,0
a30409,0
a16533,1
a08207,0
a17708,0
a27640,0
a15170,0
a02767,0
a25439,0
a20793,1
a18378,0
a27077,1
a13738,1
a23898,0
a18695,0
a07790,0
a07805,0
a20032,1
a13702,0
a05191,0
a27434,0
a14617,1
a00595,0
a13866,0
a29002,0
a22696,1
a30178,1
a11318,1
a24150,1
a05859,0
a21334,0
a18734,1
a26921,1
a29148,1
a24019,0
a14493,0
a06166,1
a31194,1
a19046,0
a26118,0
a10318,0
a30597,0
a11565,1
a30941,0
a17776,0
a08390,1
a24122,0
a00831,0
a02435,1
a01057,1
a09698,0
a00105,1
a08917,0
a23786,0
a07154,0
a19991,0
a27265,0
a12757,1
a17058,1
a18004,1
a20239,1
a04440,0
a13416,0
a26372,0
a19974,1
a26258,0
a26002,1
a19570,1
a09583,0
a09005,0
a24101,1
a23377,0
a20102,0
a08784,0
a25688,0
a13770,0
a11262,0
a06713,0
a12713,0
a08171,0
a26970,0
a13909,0
a09786,0
a28866,0
a16427,1
a16920,0
a31038,1
a27439,1
a30897,1
a06085,1
a08239,1
a24329,0
a09104,0
a22220,0
a01283,0
a10063,1
a23538,0
a28858,0
a04519,0
a18430,0
a08101,0
a05975,1
a18248,1
a26783,1
a12189,1
a26183,1
a28297,0
a24336,1
a12968,0
a05169,0
a06584,0
a26994,1
a12286,0
a20539,0
a09258,0
a05092,1
a13488,1
a08149,0
a29967,0
a07205,0
a26229,0
a02535,0
a24657,0
a28620,0
a05551,1
a01542,1
a23099,0
a14864,1
a00932,0
a00984,0
a12623,1
a21065,0
a04825,0
a00446,1
a05168,0
a16092,1
a13282,1
a22985,0
a10372,1
a02456,0
a19262,0
a29569,1
a14487,1
a20237,0
a21229,0
a06059,0
a03352,0
a01633,1
a20391,0
a29369,0
a14229,1
a21611,1
a30951,0
a10711,0
a14907,0
a29855,1
a01097,0
a08768,0
a31362,0
a06152,0
a02247,0
a10654,1
a11097,1
a01239,1
a31112,0
a20472,0
a27124,1
a12865,1
a12288,0
a00722,0
a00796,1
a21814,1
a11721,1
a04778,1
a05120,1
a22734,1
a07687,1
a23552,1
a26094,0
a16437,1
a29138,0
a14735,1
a22437,0
a28595,0
a16528,0
a11733,1
a11460,1
a03048,0
a12919,0
a20346,0
a20715,0
a15941,0
a27494,1
a27204,0
a03201,0
a21352,1
a05719,0
a30377,1
a14565,0
a09609,0
a09365,1
a11033,1
a10779,0
a26955,0
a11085,0
a23677,0
a17773,0
a10036,1
a12540,0
a10487,1
a20674,1
a20505,1
a28226,0
a10670,0
a07075,1
a04953,1
a07277,1
a22350,0
a09631,0
a01867,1
a10529,1
a18563,1
a26484,1
a18338,0
a09223,0
a15756,0
a00779,1
a25961,0
a24278,0
a06444,0
a17927,1
a07614,0
a11323,1
a26656,1
a09418,0
a10813,0
a11874,1
a02222,1
a08083,1
a18716,0
a09812,0
a01832,0
a27372,1
a27651,1
a11165,0
a10751,1
a04580,1
a19848,0
a04804,1
a19732,0
a17161,1
a12756,1
a29987,1
a23583,1
a29427,1
a20587,1
a01597,1
a13139,0
a09483,0
a21562,0
a14465,0
a22046,0
a13886,0
a26607,1
a02307,1
a25507,0
a03342,0
a18909,1
a31040,1
a17354,0
a29156,1
a25720,0
a04512,1
a13718,0
a25290,1
a07866,1
a29512,0
a11867,0
a29840,0
a16608,0
a10854,0
a26452,0
a05131,0
a16775,1
a14623,0
a06369,1
a23046,0
a21627,1
a01270,0
a24630,0
a29784,0
a31393,1
a30326,1
a21899,1
a17465,1
a02411,0
a28922,1
a06955,0
a17871,0
a06401,0
a05147,0
a19153,1
a07489,0
a29640,0
a15141,1
a23036,0
a06200,0
a26704,0
a08965,0
a15006,0
a22771,0
a16488,0
a16174,0
a07604,0
a07745,0
a01946,1
a19858,1
a05908,1
a18693,0
a11692,0
a04893,0
a09927,0
a20360,0
a29559,1
a25342,1
a14624,0
a21268,1
a14540,1
a25731,1
a09194,0
a06895,1
a15385,1
a04710,0
a20008,1
a26823,1
a09936,0
a17086,0
a16354,0
a08523,0
a13910,1
a17248,1
a13671,1
a27431,1
a01223,1
a08168,0
a14064,0
a26840,0
a08583,1
a23676,0
a22474,1
a06749,1
a25308,0
a13493,0
a24373,0
a10911,0
a01909,0
a24885,0
a30052,0
a19149,1
a07431,0
a25831,0
a09999,0
a30785,1
a04210,0
a14883,1
a28777,1
a25016,1
a21571,0
a13397,0
a26727,1
a15760,0
a00125,1
a28533,0
a00372,1
a16384,0
a02207,0
a18340,0
a27393,0
a14070,1
a10250,0
a29669,0
a02477,1
a18584,1
a07364,0
a17070,0
a11308,0
a17867,1
a24191,1
a31029,0
a19255,1
a19682,0
a05360,0
a01758,1
a23639,0
a02792,0
a20086,0
a14563,0
a16634,0
a24168,0
a20907,1
a00420,0
a14817,0
a26134,0
a25203,0
a10997,0
a27427,0
a06561,1
a14981,1
a23507,0
a07589,1
a10562,0
a13546,1
a04638,0
a06447,0
a24598,1
a22408,1
a03208,1
a24827,0
a16691,0
a07159,1
a11139,1
a16877,0
a13506,1
a09219,0
a09544,0
a31346,0
a09395,0
a17651,1
a06868,1
a26104,1
a15380,0
a20630,1
a12482,0
a01592,0
a14544,1
a07333,0
a15017,1
a13041,0
a10076,0
a16251,1
a10683,0
a18968,1
a24821,0
a24083,1
a01129,0
a06300,0
a07802,0
a01023,1
a30369,1
a19441,0
a00788,1
a02527,1
a08406,0
a14913,1
a12242,0
a15881,0
a24843,0
a06415,0
a19182,0
a19289,1
a23320,1
a10086,1
a18645,0
a18131,1
a05865,0
a31274,1
a04064,0
a01084,0
a06795,0
a12471,1
a25728,0
a06372,1
a06780,1
a02619,1
a06720,0
a26728,1
a04808,0
a21442,1
a13055,1
a16401,1
a15802,0
a13146,0
a01735,0
a07804,1
a28197,1
a23727,1
a28719,0
a19025,0
a26360,0
a29675,0
a02974,0
a20458,1
a06791,0
a07761,0
a12817,1
a20575,0
a07908,1
a18148,1
a23296,0
a30296,1
a13208,0
a17635,0
a18134,1
a03318,0
a02524,1
a10230,0
a02396,0
a20280,0
a07347,0
a24628,1
a21928,0
a11330,0
a04968,1
a12378,1
a21574,0
a16539,0
a05430,0
a08126,1
a05029,0
a29793,0
a21884,0
a23253,0
a25666,0
a30481,0
a31130,1
a02421,0
a02387,0
a19660,1
a07799,0
a03891,0
a20127,0
a05268,1
a30698,0
a12808,0
a07656,1
a12872,1
a04065,1
a06202,0
a20597,0
a14904,0
a08794,0
a06013,0
a02038,0
a00666,1
a03523,1
a18791,0
a02653,0
a18076,0
a24377,0
a24778,0
a21072,0
a01132,0
a28994,0
a21155,1
a17002,0
a05698,1
a12804,0
a12761,0
a24385,1
a26033,0
a03532,0
a05465,0
a09127,0
a19086,1
a16726,0
a07183,0
a03333,0
a13569,0
a22915,1
a21531,0
a02626,0
a00491,0
a05439,0
a20960,1
a12454,1
a07122,1
a25015,0
a21146,0
a22960,0
a28305,1
a28318,1
a23776,0
a30551,1
a06348,0
a12712,1
a15540,0
a22188,1
a02508,1
a10107,0
a07678,0
a23109,0
a29646,0
a03697,1
a18263,1
a23387,1
a05863,0
a07646,0
a04054,0
a07632,0
a30083,1
a00526,0
a15459,1
a31167,1
a03792,1
a00966,0
a00682,0
a00900,0
a01893,1
a29155,0
a08872,1
a21633,0
a21081,1
a06077,0
a16921,0
a00079,0
a31123,1
a12531,0
a15081,1
a23140,0
a22966,1
a19411,0
a29758,0
a25648,0
a01264,0
a12995,0
a01137,0
a04167,0
a04310,0
a26437,1
a23855,1
a08809,1
a21686,1
a16104,1
a02375,0
a23970,0
a20374,1
a09318,0
a19960,0
a04084,1
a17601,0
a09686,1
a21487,0
a12095,0
a25590,0
a04243,1
a25814,0
a25384,0
a28480,0
a18723,1
a18196,0
a15561,0
a01976,1
a09175,0
a23330,0
a30355,1
a31469,0
a16683,0
a07947,0
a27868,1
a14443,0
a01715,0
a29465,0
a16658,1
a14863,0
a23484,0
a19600,1
a01149,1
a26418,0
a31242,1
a03752,0
a22897,1
a30922,0
a15308,0
a30960,0
a26857,0
a07925,1
a10710,1
a17980,1
a25583,1
a19265,1
a14354,0
a04146,0
a21592,0
a12032,1
a09719,0
a01251,0
a26831,1
a28127,0
a10548,0
a06861,0
a02928,0
a00594,1
a11406,0
a24962,0
a23343,0
a23346,1
a18518,0
a01956,1
a16150,0
a01028,1
a17570,0
a21729,0
a19364,0
a17975,0
a06793,1
a20670,0
a17438,0
a31269,1
a10724,0
a12200,1
a17894,1
a16961,0
a31241,0
a04579,1
a15206,0
a18914,0
a30358,1
a26478,0
a30593,1
a22278,0
a18803,1
a11920,1
a28177,0
a16322,0
a07508,1
a17897,0
a17655,0
a21412,0
a15018,0
a22874,0
a16645,1
a19725,1
a19772,0
a27332,0
a09363,0
a20530,1
a03564,0
a23867,0
a04634,0
a01330,1
a25829,1
a21293,0
a01321,0
a03592,1
a04475,1
a27815,1
a23468,0
a05329,0
a18155,1
a11792,1
a08352,1
a23148,1
a07036,1
a17717,1
a15395,0
a17394,1
a25292,1
a18084,0
a17631,1
a01608,0
a19527,0
a25842,0
a07242,0
a02961,0
a28978,0
a00053,0
a16363,1
a04792,1
a22700,1
a15896,0
a19033,0
a26959,1
a29197,0
a06280,0
a23386,0
a06069,0
a07000,1
a29268,1
a15446,1
a10918,0
a26197,1
a13583,0
a23179,0
a28984,0
a21886,1
a17045,1
a29470,0
a02166,1
a07299,0
a17266,1
a27830,1
a30137,1
a25857,0
a13357,1
a16178,0
a02654,1
a13008,0
a02528,0
a03832,0
a21437,1
a23977,0
a14518,0
a21439,0
a02388,0
a05446,0
a24644,0
a03705,1
a22226,0
a23368,1
a09991,1
a17426,0
a04435,0
a18374,1
a24967,0
a01455,0
a15585,1
a25330,1
a17517,0
a05077,0
a25689,0
a10722,1
a13550,1
a13049,1
a28233,1
a29339,0
a13622,1
a14111,1
a03265,1
a22230,0
a29730,0
a07447,0
a13269,0
a11477,0
a22955,0
a25395,0
a31172,0
a19843,0
a29541,1
a28530,0
a02199,0
a01491,0
a16476,0
a21916,0
a09467,1
a12373,0
a27258,1
a28710,0
a20427,1
a17316,0
a26717,0
a20424,1
a23161,0
a16271,0
a14479,0
a03487,1
a13105,0
a21933,1
a20811,1
a16541,0
a02364,1
a25769,1
a26288,0
a20915,1
a14020,1
a06186,1
a18885,0
a04842,1
a27693,0
a11242,1
a17448,0
a09973,0
a01851,0
a25077,0
a22950,1
a18436,0
a30965,1
a26514,1
a20951,0
a03366,1
a20524,1
a06582,1
a17932,1
a29711,1
a02943,1
a12013,0
a26127,0
a00073,0
a10818,1
a20061,0
a05903,0
a15186,0
a04890,1
a12787,0
a04696,1
a03042,0
a08241,1
a02164,1
a19376,0
a11472,0
a04723,1
a11072,0
a07645,0
a12607,1
a11620,0
a16288,1
a23844,0
a00990,1
a00692,1
a13074,0
a21331,1
a13066,1
a14228,0
a01569,0
a15697,0
a24550,1
a12544,0
a03581,1
a25445,0
a04148,0
a05629,0
a16590,1
a14810,1
a03009,1
a12085,1
a13457,1
a26995,0
a10176,0
a29507,0
a21326,0
a11995,0
a15407,0
a13451,0
a23809,0
a06026,0
a19248,0
a02362,0
a18115,0
a00928,0
a30483,0
a20088,0
a28568,1
a10156,0
a12318,0
a08952,0
a05273,1
a03135,0
a01192,0
a13801,1
a15422,0
a13987,1
a05661,0
a20485,0
a00780,0
a25975,1
a07257,1
a20002,0
a31480,1
a03490,1
a01717,0
a15318,0
a23289,0
a05984,1
a25267,1
a01755,0
a01366,0
a02529,0
a16682,1
a09118,0
a02252,0
a13806,0
a03895,1
a29271,0
a21416,0
a20271,1
a10989,0
a07842,1
a00800,1
a00942,1
a31000,0
a07666,1
a06151,1
a24584,0
a31050,1
a13495,1
a05499,0
a13058,0
a30466,0
a13824,0
a29158,0
a08281,1
a18354,0
a21614,1
a18625,0
a14253,0
a03401,1
a25094,1
a25337,1
a29137,0
a16684,0
a12070,1
a30697,1
a10295,0
a09180,0
a28166,1
a06962,1
a00734,0
a29673,1
a08375,1
a30063,0
a02593,0
a20039,1
a19613,0
a01269,1
a13234,1
a20569,0
a07662,0
a16881,0
a12452,0
a15169,0
a00520,1
a26554,1
a00240,1
a14589,1
a14101,0
a24706,0
a14127,0
a09617,1
a29726,1
a26290,1
a04673,1
a28521,1
a00422,0
a00021,0
a07244,0
a20651,1
a24326,0
a04026,1
a04456,1
a18215,0
a19228,0
a07767,1
a09851,0
a12546,0
a06641,0
a06579,0
a29145,1
a25405,0
a00893,0
a19478,1
a21882,0
a26199,0
a08100,1
a00047,1
a13580,0
a02113,1
a30233,1
a10286,0
a08250,1
a08008,1
a06589,0
a09713,0
a09870,1
a28279,0
a30898,1
a26388,0
a17787,1
a06920,1
a11627,0
a23596,0
a02335,0
a29761,0
a26925,0
a22280,0
a25773,0
a18284,0
a15800,1
a11560,0
a07249,1
a16579,1
a05977,1
a18776,0
a11114,0
a13518,0
a26162,0
a29139,0
a13719,0
a23642,0
a15046,0
a12212,0
a14801,0
a11628,0
a28751,0
a12902,0
a06155,0
a12037,0
a13748,0
a09143,1
a27237,0
a06880,1
a28012,0
a21820,0
a02906,0
a17158,1
a00886,0
a15977,1
a04014,1
a14665,1
a11980,1
a05845,1
a25580,1
a28820,0
a04120,1
a12278,0
a16509,0
a10542,0
a11235,0
a30810,1
a18570,1
a19512,1
a05753,1
a26123,1
a18347,1
a07191,1
a20556,1
a12501,0
a11019,1
a02482,1
a16357,1
a31341,1
a00737,0
a03275,1
a20080,0
a16086,0
a03500,1
a18748,0
a01603,1
a11927,0
a01966,0
a22920,0
a25407,0
a12997,0
a13045,1
a18902,0
a13288,0
a03572,1
a04667,0
a08507,1
a23008,0
a04591,0
a18464,1
a02470,1
a00469,1
a10758,0
a02248,1
a02434,0
a22935,0
a29885,0
a20580,1
a14100,1
a14212,1
a28455,1
a21909,1
a16077,1
a26133,1
a21588,0
a15337,1
a02829,1
a29847,0
a06105,0
a18018,0
a19253,1
a06577,1
a22066,1
a27315,1
a13006,1
a21328,1
a09377,0
a18229,0
a22722,0
a09391,0
a15971,1
a02288,1
a23609,0
a28889,0
a13830,0
a03690,0
a24729,1
a31114,0
a11757,1
a05590,0
a24849,1
a06538,1
a24233,1
a09535,1
a07281,0
a21107,0
a07013,0
a21191,0
a22283,1
a14173,0
a14927,1
a19024,0
a05715,1
a00030,1
a03214,1
a07721,0
a16955,0
a00851,0
a13364,0
a25208,0
a22646,1
a17739,1
a00696,1
a24536,0
a29861,0
a23269,1
a05259,1
a20955,1
a25285,0
a07221,0
a04165,0
a20383,1
a09269,0
a14106,0
a16404,1
a23846,1
a19433,0
a05379,1
a14805,0
a30184,0
a14430,1
a15535,0
a05468,1
a04921,0
a21180,1
a24178,0
a22373,0
a10355,0
a12608,0
a24695,1
a13251,0
a00140,1
a13326,0
a24286,0
a14511,1
a30579,1
a06719,0
a25641,0
a28912,0
a00312,1
a14211,0
a08803,1
a03319,1
a00697,0
a28715,0
a23363,0
a03763,0
a19232,1
a12667,0
a21575,0
a23625,0
a09389,0
a16286,0
a03997,0
a14195,0
a02023,0
a17953,0
a23804,1
a18673,0
a11851,0
a15933,1
a05732,0
a15757,0
a17206,1
a23612,1
a09977,1
a08384,0
a00103,0
a05220,0
a03639,0
a12861,1
a16795,1
a25540,0
a19913,0
a10313,1
a30091,0
a27337,0
a18660,1
a16972,0
a05728,0
a03993,1
a02130,1
a25030,1
a06051,1
a22965,1
a28550,0
a22890,0
a16613,1
a22210,0
a10955,0
a07473,0
a10963,0
a09491,1
a11204,0
a30485,1
a16255,1
a23415,0
a30589,1
a28901,1
a07362,1
a24944,1
a13093,1
a22681,1
a09340,0
a04750,0
a00152,0
a10242,1
a26941,0
a01447,0
a23325,1
a30473,0
a17201,0
a15872,0
a30363,0
a15514,0
a08967,1
a16926,0
a15340,1
a07700,1
a31126,1
a29261,0
a29312,0
a06304,1
a22903,0
a22514,0
a26776,0
a00173,1
a30060,0
a06665,0
a21955,1
a20858,0
a06206,0
a04105,1
a27166,0
a18160,1
a04532,0
a24371,1
a16435,0
a11619,0
a04032,0
a10058,0
a04524,1
a25577,0
a20247,1
a16907,0
a23290,1
a06707,0
a12350,0
a30523,0
a26453,1
a11409,1
a15089,1
a30967,1
a29199,1
a03696,1
a21188,0
a23632,0
a19628,1
a10277,0
a04139,1
a12443,0
a02818,0
a14246,0
a26519,0
a08075,0
a18505,0
a07477,0
a12824,0
a23458,1
a21360,1
a10667,0
a09512,1
a09271,0
a05646,1
a08903,0
a05591,0
a18122,0
a01952,1
a12764,1
a18477,0
a01309,1
a07848,1
a20638,0
a08340,1
a08338,0
a31244,0
a18011,0
a23891,0
a18056,0
a06274,0
a31458,0
a09513,0
a10455,0
a18959,1
a18871,0
a21210,1
a29880,0
a17085,1
a28434,1
a08173,0
a01677,0
a18101,1
a04522,0
a25832,0
a11236,0
a11184,0
a02977,0
a15818,0
a07857,0
a09259,0
a15786,0
a27609,0
a22031,0
a29207,0
a08321,0
a19773,0
a12889,0
a19647,1
a17361,1
a09552,0
a07267,1
a05558,0
a10493,0
a12187,0
a00778,1
a08140,0
a11635,1
a01998,1
a26612,0
a21112,0
a06985,1
a10311,1
a31191,0
a29300,1
a25193,1
a08938,0
a20454,1
a07879,1
a03188,0
a18532,1
a09505,1
a21218,0
a12799,0
a31162,0
a14261,1
a16989,0
a11849,0
a28523,0
a05906,1
a15148,1
a24184,1
a19702,0
a17598,0
a00668,0
a08216,1
a21052,0
a29360,0
a28661,0
a23243,1
a20188,0
a04729,0
a31251,0
a17590,0
a17322,0
a25788,1
a00538,0
a27537,0
a22060,1
a23938,0
a06045,1
a01243,0
a15426,0
a12038,1
a16102,0
a15595,0
a04451,0
a12084,0
a00785,0
a00731,0
a17383,1
a19932,1
a07564,0
a22037,1
a03035,0
a17860,1
a03852,0
a27982,0
a07777,1
a11300,1
a19446,1
a00467,0
a09331,1
a26734,0
a18521,1
a13235,1
a05204,0
a27596,0
a31183,0
a29007,0
a01675,0
a02190,0
a06072,0
a24618,0
a14749,0
a13557,0
a25827,0
a24779,0
a20977,0
a19823,0
a11022,0
a04787,0
a17782,0
a07917,0
a29786,0
a01538,0
a21976,1
a15321,0
a03774,0
a15365,0
a23592,0
a14970,1
a29538,0
a27092,0
a24069,0
a06737,1
a25632,1
a18828,0
a18243,0
a30482,1
a20711,1
a17996,0
a00045,0
a17012,0
a04683,1
a05982,0
a01721,0
a02065,1
a25093,1
a15863,0
a24011,0
a24333,0
a15192,1
a24601,0
a08504,0
a31305,1
a30684,0
a27214,1
a17685,1
a28513,1
a11855,1
a26705,0
a26324,1
a07094,0
a19550,1
a11814,0
a05210,0
a07563,1
a04478,0
a19333,1
a19179,0
a18990,1
a11030,1
a09335,0
a07001,1
a22748,0
a03192,1
a14159,0
a25263,1
a20113,0
a26538,0
a00752,0
a07874,0
a15840,1
a28886,1
a09020,0
a17055,1
a13075,1
a23500,1
a19146,0
a10931,1
a12984,1
a16620,0
a15149,0
a24248,1
a24327,1
a09929,0
a19009,0
a26394,1
a18303,0
a04444,0
a17793,0
a04384,0
a08433,0
a03382,0
a25496,0
a29870,0
a14675,1
a23748,0
a16119,0
a22776,0
a27936,0
a04546,0
a24557,0
a29244,0
a21125,1
a14777,0
a26077,0
a02233,0
a31394,1
a30957,0
a23340,0
a01693,0
a08572,0
a28148,0
a17133,0
a03294,0
a12976,0
a15748,0
a06252,0
a28882,0
a01502,1
a01026,0
a01558,0
a10914,1
a21851,1
a13199,1
a11693,1
a10643,1
a03295,1
a05476,1
a29088,1
a20253,0
a18455,0
a14052,1
a01781,1
a16015,1
a29066,1
a29575,0
a25145,0
a01158,0
a16038,1
a08672,0
a17311,0
a01114,0
a04375,1
a13117,0
a18616,0
a14672,0
a15032,1
a04757,0
a28141,0
a11496,0
a17675,1
a15816,0
a12258,0
a21382,0
a11820,1
a09247,1
a23187,0
a24740,1
a17474,1
a25450,1
a18558,0
a02669,0
a18568,0
a06008,0
a00532,0
a13466,0
a08597,1
a01037,1
a12134,0
a25979,1
a13968,0
a09062,1
a23089,1
a08548,0
a16520,0
a17121,1
a11618,1
a05619,0
a23998,1
a28623,1
a11774,1
a26102,0
a16195,0
a18528,1
a14473,0
a23039,0
a13256,1
a00439,1
a13086,0
a04639,0
a16057,0
a06726,0
a02058,1
a25959,0
a29266,0
a09567,0
a26893,1
a17911,1
a15770,1
a10323,0
a30197,0
a12336,0
a11002,1
a20446,0
a08005,0
a28346,0
a02181,0
a02444,0
a21964,0
a03955,1
a16897,1
a21953,0
a09420,0
a02218,0
a11690,0
a15908,1
a10168,0
a09682,0
a03207,1
a08517,0
a04518,0
a26431,0
a13431,0
a14669,0
a27613,1
a00881,1
a21986,0
a24901,1
a28084,0
a15852,1
a13195,0
a30833,0
a08307,0
a27888,1
a00011,0
a14905,1
a04420,1
a10214,0
a02008,0
a12170,0
a25534,0
a04289,1
a21315,0
a23313,1
a19396,1
a09990,1
a07224,0
a28026,1
a04169,1
a02156,0
a13121,0
a09001,0
a23536,0
a23201,1
a26147,0
a08961,1
a05947,1
a09374,0
a18036,1
a24022,0
a20671,1
a25054,0
a14481,1
a29530,0
a01821,1
a14471,1
a08000,1
a05249,0
a01627,1
a23058,1
a25546,0
a13752,1
a23006,1
a30743,1
a04366,1
a21816,0
a28782,1
a21832,0
a30909,1
a27990,0
a23782,0
a21971,0
a20520,1
a01461,0
a10767,0
a23880,0
a26961,1
a06187,1
a07424,1
a30336,0
a21695,0
a10020,0
a01164,0
a07144,1
a14775,1
a09390,1
a25228,1
a14644,1
a19481,1
a13016,0
a19187,0
a27549,0
a09083,0
a24309,1
a11646,0
a13338,0
a02773,1
a30499,1
a24115,0
a29016,1
a24891,0
a29564,0
a30825,1
a16605,1
a12028,1
a06715,0
a30037,0
a28899,0
a01242,0
a27148,1
a04622,0
a25157,0
a20943,0
a20886,1
a05722,0
a09625,1
a27324,1
a30029,0
a03365,1
a21560,0
a18674,0
a29227,0
a24856,0
a23697,0
a15189,0
a20429,1
a09800,0
a27229,0
a28633,1
a17175,0
a28049,0
a29942,0
a09712,0
a14556,0
a28577,1
a23661,1
a27740,0
a20048,0
a22680,1
a00945,1
a13422,1
a14406,0
a23830,0
a09797,0
a31121,0
a18388,0
a24287,0
a30740,0
a09434,0
a18875,0
a13292,1
a09121,1
a30175,0
a23461,0
a22600,0
a09791,0
a23010,0
a10949,0
a02236,0
a15022,1
a15060,0
a03795,1
a29892,0
a28812,0
a24073,0
a09055,0
a27758,1
a14372,0
a22268,0
a08787,0
a25394,1
a13096,0
a09858,0
a10649,0
a03568,1
a06198,0
a15443,0
a20050,1
a10909,0
a18514,1
a00654,1
a25117,0
a30139,1
a11889,0
a10706,0
a16713,0
a06467,0
a09078,1
a10448,0
a19742,0
a09811,1
a05839,0
a29617,0
a19791,0
a24549,1
a08175,1
a18807,1
a20355,1
a31412,1
a25850,0
a13617,0
a09899,1
a27306,1
a03631,1
a24972,0
a20184,1
a20211,0
a11158,1
a10555,0
a15126,0
a18400,0
a00747,1
a09076,1
a29944,0
a01953,1
a22167,1
a08844,1
a24261,1
a21254,0
a13036,0
a20950,1
a31141,1
a22986,0
a04239,0
a21714,1
a07496,1
a06511,0
a31408,0
a09158,1
a23167,1
a31247,1
a14590,0
a21343,0
a14271,1
a08135,1
a10790,0
a20516,0
a01411,0
a01663,1
a26303,0
a18261,0
a15996,0
a15376,0
a11831,0
a13871,0
a11001,1
a06473,1
a27407,1
a22176,0
a12479,0
a24436,0
a23832,0
a20682,0
a21532,1
a21133,0
a27992,1
a05288,0
a24508,0
a10491,1
a16993,0
a06899,1
a16822,0
a30298,0
a08052,0
a19468,0
a21959,0
a08071,0
a19415,1
a29463,0
a12675,1
a09607,0
a13667,0
a18048,0
a08730,0
a27062,0
a07506,0
a18482,0
a26712,0
a11962,0
a03799,0
a27191,0
a22277,1
a13480,0
a23871,1
a25404,1
a00953,0
a16001,0
a19479,0
a06147,1
a14966,1
a29518,0
a10110,1
a17228,0
a27080,0
a29787,0
a30314,0
a26606,1
a07504,1
a17483,0
a01059,1
a26762,0
a15633,1
a13632,1
a22990,0
a28838,0
a04320,0
a14268,0
a04047,0
a19846,0
a10659,1
a19526,1
a16323,0
a09290,0
a13304,0
a26802,1
a16904,1
a11516,1
a20721,1
a27501,0
a23619,0
a15668,1
a02533,0
a01785,0
a19552,1
a20928,1
a18775,1
a05692,0
a22005,1
a08555,1
a00849,1
a10465,0
a25190,0
a27066,1
a09828,0
a15132,0
a05284,0
a15506,1
a03276,1
a02480,0
a05535,0
a21477,0
a00388,0
a29350,1
a01790,0
a26408,0
a04676,1
a18551,0
a25012,1
a05668,0
a10965,0
a20507,1
a13404,1
a03191,1
a00497,0
a00384,1
a03534,0
a17033,0
a08763,0
a04303,0
a07785,1
a14091,0
a12329,1
a12794,1
a10030,0
a05266,0
a02671,1
a15183,0
a24673,0
a03538,1
a31317,1
a12370,0
a00359,0
a11360,0
a25686,0
a05976,1
a13936,1
a10642,0
a00088,0
a27880,0
a08800,0
a20182,0
a22143,1
a05267,0
a08023,0
a00791,0
a07034,1
a07059,0
a17869,0
a05922,0
a27320,0
a02016,0
a22314,1
a19928,1
a11326,1
a20989,1
a22994,1
a19151,1
a26819,1
a00154,0
a27049,0
a07810,0
a14003,1
a31165,1
a19466,0
a17240,0
a18424,0
a29030,1
a01566,1
a17786,0
a28163,1
a21653,1
a19794,1
a07397,1
a24493,1
a08137,0
a19177,1
a08711,0
a21732,1
a19972,0
a01049,0
a09933,0
a05276,0
a17230,0
a30986,0
a01332,0
a24325,1
a15438,0
a26463,0
a07171,0
a26859,0
a22694,0
a27043,1
a12934,1
a15239,0
a26836,0
a14156,0
a04799,0
a26556,0
a01914,0
a17703,0
a15747,0
a21948,0
a15538,0
a25819,1
a16344,0
a30074,0
a03344,0
a09117,1
a22330,0
a11451,0
a02483,1
a17726,1
a12165,0
a24914,1
a02449,0
a16673,0
a17689,0
a18041,0
a25226,0
a12417,0
a19429,1
a02141,1
a09693,1
a31084,0
a20254,0
a15533,0
a26254,1
a09672,0
a31057,0
a26880,1
a11040,1
a13048,1
a17561,0
a02120,1
a05540,0
a18206,0
a00242,1
a17152,1
a25679,0
a18288,1
a06374,1
a16132,1
a14993,0
a19840,1
a01229,1
a28617,1
a06766,1
a16681,1
a21266,1
a20770,1
a12784,1
a19856,1
a21746,0
a23231,1
a21840,1
a13932,1
a04192,1
a07352,1
a09968,1
a24942,1
a25036,0
a15202,0
a03742,0
a03511,0
a14248,0
a15068,0
a01831,1
a12643,0
a10894,0
a11488,0
a05640,1
a06958,1
a24703,0
a28021,0
a19624,1
a20482,0
a15185,1
a25074,1
a17920,0
a28359,1
a06856,0
a30648,0
a18718,0
a07627,0
a03426,1
a07148,0
a19897,0
a23942,0
a03238,0
a05321,1
a15826,0
a08478,0
a21296,0
a09451,0
a12239,1
a12086,0
a07955,1
a25091,1
a03693,0
a13890,0
a00174,1
a11811,1
a31205,0
a22970,0
a00948,0
a11350,0
a04726,0
a15799,1
a30532,1
a14600,1
a28512,0
a00968,0
a18667,1
a05805,1
a23568,0
a00477,1
a02666,0
a05219,1
a05398,0
a01852,0
a16917,1
a10871,0
a10921,1
a28921,0
a07595,0
a18554,0
a09000,0
a09857,1
a06246,0
a30712,1
a24871,0
a15107,0
a10180,1
a23705,1
a18564,1
a13657,0
a15793,0
a02439,0
a19639,1
a21110,0
a00750,0
a29461,0
a26170,0
a17930,0
a11353,0
a01399,0
a04406,0
a06999,0
a11379,0
a04648,0
a19865,1
a00730,0
a17934,1
a30212,0
a07258,0
a04399,1
a31445,1
a27165,0
a22905,1
a23076,0
a11742,0
a10476,0
a21557,1
a29950,0
a21370,1
a18950,1
a03632,0
a30566,1
a13190,0
a05609,1
a05758,1
a17098,1
a19492,1
a06244,1
a28990,1
a29419,1
a12283,1
a21319,0
a16594,0
a22370,0
a06947,0
a04560,1
a16902,0
a17260,1
a10279,0
a26282,0
a12528,0
a12839,0
a20194,0
a12141,0
a04698,0
a18021,1
a30070,0
a06273,0
a15931,0
a12051,0
a08542,1
a15954,1
a05105,0
a19357,1
a13236,1
a10147,0
a30614,0
a20574,0
a03072,0
a30084,0
a04697,1
a30096,0
a12230,0
a17284,0
a25695,0
a14874,0
a13333,0
a12821,0
a18216,0
a09475,1
a26116,1
a01757,1
a02338,0
a30680,0
a04585,0
a20278,1
a18984,0
a07623,0
a06382,1
a22766,1
a04097,0
a21100,0
a08193,1
a05226,1
a11651,0
a29424,0
a03451,1
a10235,1
a22671,1
a01182,1
a15320,1
a12963,0
a06089,1
a29214,0
a18738,0
a03876,0
a01929,0
a28954,0
a18123,0
a29106,1
a16050,1
a06449,1
a31354,0
a12800,1
a19100,0
a14270,0
a26949,1
a18352,1
a01082,1
a08975,0
a29087,0
a28383,0
a14124,0
a05665,1
a24605,0
a04826,0
a07438,1
a00777,1
a04744,0
a23774,0
a29648,0
a14464,0
a11341,1
a18358,0
a08148,1
a27998,1
a01046,1
a27107,0
a03395,0
a28363,0
a06327,0
a09079,1
a28091,1
a15259,1
a17702,0
a21537,0
a23919,1
a25265,0
a26198,1
a09160,0
a11264,0
a28810,1
a08458,1
a01423,0
a18314,1
a02520,0
a30201,0
a12538,0
a01280,0
a14726,0
a11280,0
a28653,1
a27021,1
a22136,0
a11282,0
a29546,0
a13425,0
a17305,0
a24919,1
a18130,0
a08500,0
a20310,1
a00102,0
a28284,0
a21543,0
a30134,0
a27382,0
a26458,0
a13313,1
a11590,1
a26370,0
a07696,0
a02094,1
a03463,0
a17400,0
a24872,1
a14878,0
a19978,0
a08537,0
a26541,1
a03749,0
a19704,1
a04841,0
a25938,0
a28076,0
a30962,0
a21869,0
a09065,0
a09222,1
a00626,0
a21647,1
a11966,1
a01962,1
a19676,0
a09422,0
a00876,0
a12754,1
a07893,0
a17104,1
a22472,0
a08611,0
a07462,1
a22774,1
a06088,0
a17171,0
a07939,0
a04947,0
a13424,0
a14208,1
a27534,0
a15970,0
a01835,0
a07079,0
a30555,0
a28638,1
a00462,0
a17690,1
a16555,0
a31243,1
a09332,0
a18306,0
a13629,0
a13072,1
a05572,0
a22216,1
a11283,0
a10160,0
a28629,0
a00978,0
a00475,0
a14040,1
a24625,0
a23397,0
a28985,0
a23613,0
a31374,1
a19027,1
a02858,0
a17581,1
a20336,0
a26004,1
a03725,0
a30027,0
a30019,0
a13937,0
a18841,1
a11417,1
a29140,1
a22720,0
a22541,0
a06053,1
a23754,0
a03770,1
a22867,1
a27654,1
a30877,0
a23361,0
a13062,1
a18541,0
a28414,1
a24230,1
a24401,0
a26809,1
a27053,1
a10362,1
a23074,0
a03034,1
a29146,0
a11088,0
a00954,0
a04095,0
a17246,0
a20611,1
a08585,1
a13769,1
a01248,1
a17017,1
a05815,0
a21064,0
a12541,0
a08608,1
a25168,0
a16858,1
a13107,1
a07136,0
a06182,1
a16329,1
a01506,0
a01999,1
a25928,0
a22550,0
a05498,0
a19188,1
a18826,0
a06385,0
a19565,0
a12702,1
a13174,0
a26876,0
a25820,1
a25661,1
a19795,1
a09046,1
a01973,1
a27111,1
a03698,0
a08684,0
a30295,0
a08618,0
a14225,1
a15641,0
a10923,0
a14442,0
a25505,0
a18832,1
a26154,0
a20084,0
a31056,0
a31434,0
a13998,1
a07372,0
a24848,1
a21819,1
a20422,0
a24113,1
a19041,0
a31273,1
a15128,1
a16746,1
a28048,1
a00774,0
a10788,1
a01642,0
a19243,1
a06486,0
a04331,1
a20929,1
a27630,0
a01847,0
a03427,0
a06106,0
a17952,0
a24551,0
a29264,0
a07116,1
a01950,0
a20665,0
a26594,0
a01416,0
a23509,0
a26598,1
a23348,0
a30205,1
a09303,0
a00144,0
a30687,1
a30705,0
a18677,0
a24617,1
a07020,0
a22917,0
a23026,0
a11031,0
a02019,0
a00820,1
a12630,1
a12567,0
a15492,0
a13130,0
a10265,1
a02231,0
a22020,0
a12960,0
a20628,0
a16201,0
a02741,0
a13270,0
a11127,0
a00725,1
a23353,0
a26714,0
a07546,1
a23462,1
a06812,1
a17039,1
a07082,1
a09289,0
a06064,0
a09156,0
a09494,1
a17031,0
a19454,0
a21108,1
a12746,0
a25910,0
a30955,0
a08988,1
a11380,0
a26226,0
a30269,0
a17684,0
a01568,1
a21961,0
a27714,0
a17099,1
a29289,0
a02305,0
a11945,1
a15888,0
a14647,0
a11929,1
a24445,0
a10631,0
a31116,1
a20099,0
a02996,0
a01105,0
a06806,0
a02663,0
a09744,1
a00726,0
a20076,1
a30747,0
a08221,0
a24806,1
a00910,1
a10776,1
a05849,1
a17186,1
a17096,0
a13415,1
a01853,0
a07881,1
a00794,0
a06506,1
a15159,0
a03374,0
a08184,1
a04489,0
a16498,0
a20390,0
a05201,0
a21811,0
a09602,1
a01431,0
a16136,0
a08004,0
a08713,0
a29286,1
a17287,1
a16426,1
a23174,1
a27555,1
a30569,0
a27610,0
a04117,0
a03125,0
a03903,1
a07273,0
a23416,0
a23525,0
a28170,1
a05530,0
a30393,0
a24903,1
a06360,0
a27790,1
a24637,1
a08561,0
a15389,0
a29327,0
a06176,0
a04699,0
a05596,0
a01363,0
a13186,0
a03327,0
a12467,0
a27665,1
a20100,0
a11385,0
a05352,1
a07831,0
a13433,0
a02500,0
a05803,0
a28873,0
a18867,0
a19212,0
a22678,1
a25249,1
a25116,0
a02512,0
a17360,1
a26906,0
a08380,1
a05049,0
a02407,1
a30896,0
a24563,0
a10268,0
a27743,1
a03081,1
a14044,1
a04725,1
a10887,0
a05022,0
a26792,0
a10256,0
a10663,1
a30813,1
a22161,1
a24529,0
a09586,0
a14606,0
a24171,0
a02169,1
a07980,0
a20785,1
a02558,1
a12649,1
a21425,0
a26841,0
a26868,1
a19977,1
a07402,1
a00546,1
a05307,0
a25882,0
a05874,0
a11517,0
a27327,0
a15919,1
a22062,1
a07228,0
a08160,1
a11881,1
a18395,0
a29373,0
a13255,0
a14628,0
a12722,1
a03400,0
a04450,1
a25354,0
a25616,0
a27523,0
a08799,0
a12138,0
a22810,1
a11421,0
a06341,0
a00109,1
a01295,0
a00923,0
a14560,0
a17552,0
a20819,0
a14633,0
a02428,0
a08413,0
a27732,0
a18895,0
a03103,1
a28642,0
a18214,0
a06495,1
a13065,1
a07271,0
a19882,0
a18942,0
a19308,0
a03533,0
a25150,0
a21974,1
a12065,0
a07789,0
a03247,1
a00565,0
a02369,1
a23178,0
a19294,0
a19068,0
a04128,1
a27971,0
a11112,0
a26379,0
a13619,1
a22378,1
a23444,1
a16942,0
a24133,0
a24001,1
a24328,1
a09746,1
a14839,0
a00659,1
a17472,0
a19605,0
a23887,0
a19058,0
a02795,0
a17485,1
a06110,1
a30715,1
a27924,1
a20513,0
a29203,0
a31409,0
a25723,1
a27516,0
a05792,0
a12677,0
a10903,1
a22509,1
a15069,0
a04477,0
a23481,1
a12703,0
a13395,0
a27255,1
a09658,0
a01014,0
a15040,0
a04017,0
a21219,1
a10227,0
a16085,0
a17319,0
a23049,1
a30288,0
a11529,1
a25050,1
a30963,0
a14286,1
a09819,0
a03062,0
a01146,0
a15890,0
a30638,1
a09730,0
a21535,1
a02679,1
a01900,0
a29410,0
a24123,0
a30194,0
a30406,0
a31209,0
a19591,0
a05860,0
a02287,0
a06825,0
a04275,0
a26441,0
a02564,0
a23659,0
a15842,0
a28579,0
a13592,0
a19287,0
a25151,0
a04802,0
a01344,0
a17682,0
a08897,0
a18107,0
a26041,0
a24932,1
a29022,0
a22410,0
a17059,0
a24709,1
a16351,0
a01318,1
a28696,0
a18770,0
a10083,0
a05724,0
a03809,0
a15649,0
a15640,0
a17375,0
a16069,1
a08317,1
a20142,1
a08034,0
a29578,1
a25072,1
a00683,1
a15521,0
a26008,0
a28310,1
a17442,0
a17051,1
a26567,1
a24080,1
a26175,0
a30933,1
a16453,0
a08663,1
a01053,0
a23872,1
a28532,0
a03237,1
a09647,0
a30682,0
a00403,0
a05083,1
a14219,1
a04772,0
a05308,1
a27635,1
a09008,1
a16053,0
a09846,0
a22623,1
a24831,0
a05336,0
a12693,0
a08166,0
a20038,1
a23086,0
a25377,0
a30563,0
a24470,0
a11459,0
a18700,1
a10841,0
a30547,1
a10861,0
a18242,0
a04506,1
a04209,1
a18235,1
a16405,1
a27918,1
a09040,0
a04625,1
a05829,1
a18812,0
a20535,1
a24592,0
a10144,0
a15339,0
a30938,0
a12214,1
a15703,1
a20192,1
a21364,1
a20425,0
a22783,0
a15486,1
a10162,1
a06645,1
a16364,1
a10743,1
a29555,1
a30888,1
a04413,1
a23488,1
a21320,1
a06855,0
a01039,1
a07160,0
a00447,0
a19320,0
a29372,1
a21037,0
a28857,1
a27386,1
a05737,0
a05680,0
a01713,1
a12911,0
a24273,1
a01940,0
a00411,0
a24271,0
a27075,0
a04298,0
a16487,0
a22323,1
a23322,0
a18941,0
a00180,0
a13552,1
a11993,0
a23570,1
a26617,0
a21001,1
a16374,1
a01210,0
a10257,0
a26620,1
a21708,0
a20143,0
a15004,0
a26287,1
a07187,1
a15171,1
a24645,1
a30846,1
a09425,1
a13038,0
a08883,0
a13061,0
a02727,0
a09455,0
a20944,0
a17061,0
a00534,1
a13767,1
a23833,1
a28793,1
a30658,1
a03356,0
a00717,0
a31331,0
a12111,0
a21940,0
a21263,1
a09721,0
a26816,1
a08864,0
a27778,1
a15555,0
a03155,1
a18014,0
a24365,0
a02219,1
a08837,1
a08552,1
a11196,0
a08706,0
a03394,1
a11621,0
a25760,0
a03151,1
a03813,0
a22545,0
a28621,0
a19824,0
a01091,1
a28786,1
a26053,0
a16631,0
a28525,0
a06328,1
a13363,0
a28622,0
a29635,1
a30344,1
a31135,0
a18178,0
a02801,1
a16889,0
a28652,1
a24038,0
a20279,0
a00869,0
a01904,0
a31187,1
a18647,0
a23924,0
a26596,0
a11830,0
a11384,0
a29819,0
a03633,0
a10444,1
a13245,1
a12858,0
a10953,0
a30454,1
a18522,0
a16424,1
a01838,0
a29103,1
a00286,0
a20867,0
a24941,0
a10430,0
a05673,0
a18301,1
a08596,0
a30561,0
a11029,0
a25069,0
a18918,0
a26492,0
a27763,1
a19329,0
a23646,0
a22668,1
a07435,1
a23273,0
a17297,1
a00934,1
a29986,0
a06927,1
a15766,0
a27450,0
a08951,0
a27793,0
a16037,0
a11199,1
a09720,1
a16258,0
a12502,1
a29746,0
a13874,0
a18732,0
a14322,0
a14724,0
a20684,0
a19421,0
a03586,0
a10759,1
a13906,1
a19649,0
a21204,0
a03553,0
a12614,1
a16441,0
a21317,0
a28693,1
a19345,0
a05927,0
a27884,0
a13691,1
a20347,0
a03182,1
a14821,1
a13602,0
a25291,0
a19633,0
a02263,1
a18381,0
a08081,0
a22665,0
a02793,0
a22274,1
a01471,1
a08810,1
a09060,1
a20883,1
a21434,1
a24968,1
a01261,1
a05601,1
a10158,0
a27003,0
a09844,0
a04045,0
a21793,1
a12420,0
a13828,0
a16140,0
a07906,0
a23540,1
a07940,1
a06563,0
a08956,0
a22012,1
a17868,0
a24473,0
a06143,1
a10474,0
a02379,0
a26182,1
a09814,0
a12728,1
a11325,0
a24715,0
a20283,0
a19480,1
a00766,1
a30987,0
a26724,1
a28612,0
a14765,0
a25940,0
a10713,0
a12993,1
a09895,0
a00741,0
a02748,0
a11998,1
a18177,0
a26683,0
a26572,1
a10726,1
a16622,0
a16947,1
a02294,0
a09945,0
a22332,1
a10650,1
a17307,0
a30411,0
a11754,0
a23930,0
a31089,0
a00292,0
a11003,0
a03790,0
a23105,1
a31266,0
a10992,1
a18094,1
a22016,1
a04072,0
a03960,0
a11840,0
a01527,0
a30488,0
a04689,0
a20845,0
a24799,0
a27369,0
a02658,1
a09254,1
a27797,0
a19049,0
a28395,0
a26065,0
a07366,0
a09010,1
a21733,1
a12781,0
a11979,1
a01756,0
a29776,0
a10089,1
a09198,0
a16732,0
a24280,0
a28286,0
a06869,1
a24043,1
a19561,0
a19758,0
a29487,0
a05004,0
a12333,1
a00860,0
a24765,1
a01205,0
a21061,0
a23408,0
a16701,1
a12367,1
a16671,0
a02944,1
a02639,0
a03223,0
a05322,0
a18966,0
a04504,0
a08315,0
a22952,0
a00032,0
a16390,0
a20762,0
a15790,1
a12441,0
a18096,0
a09424,0
a06067,1
a08539,0
a05412,0
a14028,1
a26423,0
a03995,0
a05299,0
a15355,1
a17620,0
a17107,1
a25748,0
a11324,0
a15098,1
a20807,0
a17822,0
a29365,0
a19831,0
a13206,0
a09533,0
a13244,1
a15396,0
a09947,1
a16667,0
a10947,0
a18238,0
a04850,1
a21584,0
a19721,0
a21002,0
a14939,1
a25488,0
a09009,0
a22361,0
a20172,0
a06573,0
a06129,0
a20864,1
a01961,0
a28004,1
a10264,0
a05317,0
a07593,0
a08333,0
a29390,0
a22068,1
a15864,0
a27057,0
a25087,1
a19176,0
a16375,0
a16030,1
a22054,0
a12314,0
a13442,0
a27288,0
a06164,0
a16031,1
a30870,0
a06132,0
a12903,1
a09750,0
a04601,0
a13543,0
a05310,0
a01722,0
a01646,0
a13279,1
a05035,0
a25083,0
a01839,0
a25947,1
a23154,1
a22569,0
a28538,0
a05856,0
a12059,0
a12147,0
a29684,0
a00176,0
a16040,0
a19180,1
a05900,1
a13043,0
a25595,0
a17931,0
a21999,0
a12727,0
a24049,0
a18788,1
a02486,1
a23996,0
a22095,0
a26835,0
a14552,0
a23190,0
a30717,1
a28001,0
a15895,0
a11045,0
a29964,0
a16991,1
a03108,0
a28156,0
a02969,0
a27073,0
a27195,0
a09988,0
a12553,0
a29962,0
a21407,0
a24523,0
a16111,1
a02193,0
a20244,0
a15580,0
a28380,1
a11925,0
a30389,0
a29977,0
a22488,0
a12776,0
a07566,0
a02844,0
a19885,0
a09604,1
a23599,0
a15016,0
a21287,1
a02385,0
a04122,1
a04614,0
a12998,0
a14255,0
a25110,0
a20455,0
a16548,0
a03417,0
a25287,0
a17698,0
a23518,0
a19668,0
a29012,0
a03452,0
a07147,0
a07015,0
a04182,0
a13434,0
a17585,0
a07097,0
a09889,0
a29979,0
a07588,0
a13549,0
a12682,0
a30781,1
a15671,0
a22937,0
a22223,0
a00003,0
a11548,0
a04135,0
a16499,0
a18949,0
a26108,0
a15507,1
a26018,0
a01401,0
a07643,0
a30081,0
a05287,0
a13118,0
a07439,0
a25425,0
a21631,0
a10535,0
a10530,0
a22864,0
a10232,0
a23447,0
a23504,0
a05257,0
a22174,1
a00580,0
a09872,0
a11008,0
a13879,0
a07878,0
a07214,1
a25366,1
a08187,0
a18366,0
a21683,0
a09282,0
a24675,0
a02725,0
a22461,0
a03528,0
a08547,0
a00982,0
a27568,0
a17827,0
a14462,0
a27566,0
a02707,1
a17531,1
a07782,1
a14936,1
a15358,0
a09224,0
a06858,1
a26395,1
a27416,1
a03198,0
a20913,0
a30990,0
a19592,1
a29614,1
a25974,0
a01317,0
a09600,0
a28584,0
a21376,0
a22802,0
a19986,0
a18230,1
a26027,1
a03928,1
a30852,1
a13440,0
a23312,0
a29716,0
a23354,0
a25103,0
a19900,1
a12145,0
a06231,0
a26765,1
a05991,0
a07278,0
a27453,0
a21637,0
a21648,0
a15431,1
a23359,0
a11710,0
a23563,0
a01230,0
a07380,0
a05525,0
a18052,0
a28673,0
a07620,0
a29796,0
a18063,0
a10546,0
a10006,0
a07704,0
a00905,0
a09867,0
a27230,1
a30895,0
a29611,1
a02739,1
a26335,0
a03291,1
a30032,0
a28227,0
a28347,0
a28756,0
a14307,0
a31378,0
a25676,1
a05801,0
a29111,0
a11246,0
a02867,0
a17100,0
a11944,1
a22828,0
a27795,0
a16482,0
a04786,0
a02070,1
a20040,1
a05756,0
a20672,0
a06816,0
a14566,0
a24449,0
a12717,0
a00061,0
a15035,0
a26661,1
a02256,1
a13447,0
a08901,1
a04106,1
a13798,1
a24949,0
a20220,0
a07642,1
a11669,1
a08043,0
a17736,0
a27408,0
a19579,1
a29852,0
a20893,0
a18986,1
a27509,0
a27831,0
a18589,0
a16580,0
a07428,1
a09590,0
a05685,1
a30730,0
a20408,0
a22139,0
a03351,1
a21282,1
a02191,0
a15323,1
a31155,0
a14490,1
a05151,0
a28879,1
a20783,0
a07705,0
a31180,0
a08642,0
a06945,0
a25918,0
a27587,0
a15692,1
a21480,1
a17401,0
a13259,0
a17948,0
a02361,0
a28192,0
a23913,0
a19901,0
a02296,0
a18332,1
a12066,0
a27161,0
a19638,0
a25363,0
a10895,0
a19980,1
a10244,0
a26363,1
a19906,0
a12483,0
a14696,1
a04306,0
a01759,0
a22768,0
a03950,1
a04445,0
a24533,0
a05212,0
a13060,0
a09174,0
a16034,0
a04706,0
a16438,0
a13114,1
a06370,0
a31428,0
a21160,1
a24360,0
a23202,0
a10303,0
a29731,0
a24852,0
a20821,0
a05557,0
a07727,0
a09551,0
a08310,1
a00727,0
a02197,0
a12162,0
a25112,0
a21818,1
a09502,0
a16272,1
a06915,0
a07569,0
a11854,0
a11970,1
a09903,1
a22371,0
a18560,0
a07005,1
a11856,1
a21166,1
a28797,1
a13685,1
a09440,0
a18325,0
a00680,0
a15884,1
a13328,0
a27041,0
a17842,0
a04954,0
a28130,0
a29228,0
a01783,1
a19965,0
a01361,0
a30533,1
a26446,0
a15637,0
a07781,0
a11606,0
a06789,0
a17969,0
a21688,0
a22376,0
a22938,0
a20705,0
a09892,1
a25189,0
a04889,0
a16761,0
a11291,0
a04817,0
a25131,0
a04282,0
a06583,1
a11044,1
a03945,0
a22445,0
a19315,1
a07837,0
a23083,0
a21143,1
a21415,1
a19139,0
a03758,0
a13784,1
a16744,1
a13633,0
a17813,0
a04241,0
a10834,0
a29641,0
a05582,0
a24608,0
a29150,0
a27510,0
a02346,0
a30315,0
a01081,1
a10606,1
a22187,1
a19545,1
a16639,1
a03968,0
a18926,0
a01519,0
a12362,0
a12563,1
a09954,0
a15644,1
a30066,0
a28887,1
a17291,1
a07346,0
a30818,0
a27285,0
a08330,0
a13983,0
a11102,0
a22760,1
a02020,0
a29257,1
a21639,1
a12472,1
a14620,0
a00293,0
a03748,0
a27183,1
a17904,0
a05823,0
a28368,0
a18218,1
a01779,0
a16298,0
a31437,1
a00115,1
a28933,1
a26214,1
a06263,0
a08817,0
a12249,1
a07573,1
a19827,1
a31324,1
a18257,1
a29226,1
a18100,1
a06989,1
a13264,0
a03839,1
a07403,1
a23712,1
a20295,1
a26946,0
a24418,1
a01879,1
a08374,1
a01810,0
a00799,0
a11673,1
a05265,1
a13319,1
a21070,0
a10662,1
a21740,1
a00354,1
a00374,1
a25274,1
a00275,1
a25277,1
a16130,1
a02163,1
a11640,1
a23969,1
a30649,0
a01188,1
a22844,0
a01159,1
a28473,1
a22123,0
a14924,0
a08422,1
a26963,0
a12660,0
a23717,1
a21355,1
a12536,0
a04549,0
a09997,0
a23557,1
a25360,1
a07175,0
a17041,0
a07151,0
a11715,1
a09241,0
a12275,0
a15278,0
a00512,1
a13812,1
a28102,0
a03038,0
a07458,0
a04088,1
a02788,0
a10893,0
a14300,0
a05663,1
a24958,0
a03206,0
a29438,0
a16925,0
a11386,1
a30719,0
a27170,0
a18398,1
a00611,0
a20534,0
a08266,1
a28045,1
a00426,0
a11747,0
a12204,0
a01474,0
a17817,0
a04632,0
a21451,0
a22285,1
a11941,1
a12457,0
a16757,0
a05305,0
a16909,1
a27109,0
a12605,0
a11607,1
a21680,0
a20319,0
a10962,0
a22756,1
a26573,0
a12864,1
a04749,0
a04878,1
a15568,1
a07100,0
a27616,1
a24593,0
a26373,0
a29532,0
a12114,0
a10159,0
a21179,0
a00226,1
a03583,0
a18154,0
a16987,0
a14898,0
a22886,1
a18576,1
a30100,1
a21233,1
a09412,1
a11780,1
a28204,0
a08671,0
a07791,1
a16801,1
a18851,0
a19223,1
a28343,1
a28961,1
a12901,1
a21427,0
a26049,1
a26042,0
a04818,1
a22007,1
a10639,0
a30274,1
a03299,1
a03020,1
a31110,1
a28625,1
a21530,1
a31423,1
a29597,0
a29957,1
a06389,1
a08594,0
a11439,0
a22701,0
a03778,0
a08492,0
a24148,0
a28491,0
a29068,0
a16606,0
a30576,0
a09334,0
a07254,1
a00693,1
a20020,0
a22168,1
a05647,1
a26098,0
a19051,0
a06125,0
a16768,0
a19528,1
a16170,1
a30024,0
a04077,0
a02509,1
a18910,0
a27401,0
a24012,1
a29166,1
a23374,0
a11290,0
a20238,0
a18049,0
a04365,0
a07497,0
a08272,1
a05946,1
a01588,0
a12900,0
a09476,0
a13908,1
a19160,0
a21122,1
a20435,0
a30376,0
a08855,1
a26264,0
a23428,0
a18854,1
a30517,0
a28303,0
a02275,1
a25851,1
a07049,0
a14506,1
a26158,0
a29529,0
a18438,1
a11974,0
a08428,0
a25539,0
a25571,1
a11918,1
a15181,0
a10433,1
a15823,0
a07913,1
a16318,0
a25310,1
a28775,0
a09099,0
a04048,0
a11234,1
a05534,0
a12612,0
a25884,0
a01306,0
a25635,0
a26540,0
a02007,0
a22093,0
a00505,0
a06211,0
a11335,0
a25570,0
a07215,0
a14363,0
a06095,1
a21121,1
a19226,0
a03165,0
a03159,1
a16296,0
a19005,0
a12687,0
a06142,0
a24752,0
a12908,1
a11296,0
a03766,0
a11504,0
a13209,1
a03548,0
a06552,0
a03706,1
a01456,0
a02505,1
a28565,1
a02690,1
a19450,0
a12387,0
a00195,1
a20428,0
a19917,0
a07930,0
a21448,0
a30260,0
a08860,0
a20261,0
a13046,1
a05236,0
a07016,0
a20813,1
a07323,0
a21392,1
a11652,1
a26501,0
a25715,0
a26068,0
a13471,0
a12548,1
a25953,0
a04011,0
a28287,0
a03973,0
a05878,1
a30534,0
a13109,0
a15750,0
a21767,0
a11609,0
a09276,1
a08448,0
a04596,1
a27878,0
a17673,1
a08635,0
a31257,1
a07685,0
a16274,0
a23497,0
a25056,0
a23978,0
a09278,1
a23321,1
a03153,1
a02108,0
a05932,1
a17346,0
a18823,1
a28542,0
a30294,1
a23412,0
a13957,0
a09771,0
a05775,0
a15889,0
a27902,0
a23171,0
a05402,0
a29547,0
a12921,0
a17743,1
a09119,1
a22784,0
a30349,0
a06460,0
a03981,1
a27153,0
a31096,0
a15939,0
a31127,0
a05664,0
a27036,0
a28920,0
a00702,0
a20405,0
a24500,0
a25939,0
a04972,0
a19007,0
a24762,0
a29107,0
a20722,1
a25797,0
a24047,0
a06924,0
a12851,0
a25239,1
a06758,0
a01762,0
a25341,0
a20150,0
a04915,0
a09845,0
a01236,1
a16766,0
a16835,1
a12990,0
a12970,0
a20978,0
a00862,0
a11026,0
a15096,1
a04584,1
a26450,0
a14503,1
a14078,0
a06995,0
a09738,1
a05030,0
a24180,1
a08503,0
a08647,0
a04867,0
a03716,0
a03311,0
a07717,0
a06197,0
a22995,0
a29046,0
a08610,0
a23496,1
a24490,1
a07718,0
a05824,0
a08629,0
a02035,0
a11522,1
a30115,0
a27499,0
a03240,0
a03129,0
a29720,0
a17030,0
a21681,1
a16006,0
a21716,0
a28210,0
a29863,1
a25818,0
a29171,1
a20982,1
a14125,0
a03403,1
a31413,0
a14333,0
a01424,0
a30970,0
a18663,0
a01291,0
a24772,0
a17766,1
a13101,0
a19921,0
a22206,0
a17519,0
a12015,0
a14067,0
a07883,1
a23674,0
a24544,0
a31370,0
a02363,0
a25502,0
a02670,1
a01858,0
a30030,0
a18981,0
a01813,0
a22710,0
a01200,0
a03671,0
a30661,0
a02713,0
a14952,0
a24275,0
a15822,1
a18135,0
a08230,1
a25636,0
a02762,0
a19631,1
a10707,0
a28291,0
a13390,0
a06963,0
a00712,0
a03807,0
a18814,0
a01564,0
a11869,0
a21211,0
a18838,0
a30518,0
a22129,0
a15297,1
a06610,0
a05144,1
a07474,0
a00781,1
a24251,0
a30061,1
a06664,0
a29005,1
a00578,0
a07576,0
a00126,1
a12448,0
a04779,0
a06277,0
a17479,0
a16254,0
a25199,0
a22898,0
a10637,0
a05881,0
a24904,0
a21734,0
a13678,1
a20696,0
a00938,1
a01583,0
a02066,0
a06859,1
a25605,0
a00871,0
a26473,1
a08861,0
a01392,0
a01978,0
a26136,1
a23521,1
a24277,1
a08600,1
a14247,0
a11576,0
a16173,0
a07140,0
a29767,0
a09181,0
a25887,0
a24850,1
a17164,0
a01648,1
a00075,0
a31478,1
a02738,0
a24710,0
a07250,0
a23060,0
a09380,1
a12081,0
a12359,0
a18721,0
a04979,1
a16098,0
a12182,0
a25746,0
a29577,0
a27347,0
a22858,0
a22498,0
a02158,1
a15600,1
a17912,1
a23266,0
a00576,0
a19769,0
a20120,1
a11388,0
a05072,0
a11553,0
a20031,0
a16420,0
a00972,0
a14034,0
a14232,1
a10754,0
a23185,0
a02129,0
a00440,0
a17600,1
a06605,0
a20071,1
a04177,0
a00368,0
a11478,0
a01729,0
a31218,0
a11626,0
a27452,0
a03479,1
a21080,0
a03599,0
a00985,1
a21421,0
a17807,1
a26402,0
a30722,1
a19784,0
a08685,0
a22291,0
a17742,0
a29915,0
a18903,0
a02308,1
a24025,1
a11697,0
a00257,1
a25003,1
a29602,1
a07422,0
a06926,1
a14197,1
a24048,0
a19237,0
a00128,0
a19532,0
a01836,1
a20878,0
a04250,1
a11413,1
a09654,0
a13840,1
a20800,0
a09092,1
a25681,0
a02001,1
a16598,0
a12119,0
a09956,1
a21970,1
a09021,0
a10712,0
a20470,0
a27139,0
a17103,1
a25314,1
a18344,1
a02922,0
a08279,0
a20908,0
a15866,0
a20037,0
a12777,1
a10513,1
a13403,1
a04681,1
a22326,0
a14280,0
a22091,0
a15360,0
a10193,0
a20221,0
a03226,1
a09681,0
a13002,0
a18726,0
a16395,1
a23214,1
a21283,0
a00267,1
a29421,1
a01080,1
a17494,1
a18587,1
a11984,1
a22695,0
a29694,0
a13410,0
a24641,0
a17678,0
a25298,0
a02865,0
a02629,0
a10135,0
a00811,1
a03391,1
a22499,0
a30352,1
a26774,0
a05431,0
a15168,1
a00895,1
a23858,1
a21499,0
a20325,0
a28849,1
a06600,0
a04325,0
a26144,0
a18138,0
a09052,1
a08862,1
a11926,0
a03825,1
a18713,1
a21640,1
a29510,1
a30803,1
a15083,0
a30945,1
a16383,1
a20986,0
a24480,1
a04224,1
a02810,1
a18092,1
a27963,1
a01212,1
a14889,1
a04034,1
a09152,1
a02377,1
a16543,0
a10299,1
a19470,0
a09949,1
a01789,0
a23835,1
a02630,0
a12609,1
a15152,1
a23338,1
a06922,0
a04637,1
a02493,0
a20067,1
a11514,0
a20306,1
a29292,0
a22866,1
a17280,1
a23445,1
a24088,1
a09236,1
a12445,1
a03626,1
a13697,1
a30428,1
a06438,1
a05233,0
a25416,0
a08508,0
a10613,0
a19142,0
a07647,0
a27418,0
a00430,0
a25477,0
a02972,0
a30923,1
a15784,0
a02154,1
a11837,1
a02027,0
a19937,0
a13900,1
a15809,0
a09557,1
a30587,0
a06454,0
a21804,0
a21897,0
a12710,1
a14010,0
a24409,0
a03364,0
a27617,0
a21222,1
a12652,1
a14941,0
a14645,0
a25690,0
a17540,1
a06052,0
a12158,1
a28821,1
a02609,0
a03653,0
a15549,0
a18461,1
a13211,1
a30423,0
a21262,0
a24102,0
a09648,1
a11795,0
a18500,0
a24588,0
a22575,1
a16399,0
a00304,1
a17838,0
a22823,0
a13275,0
a08591,1
a02453,0
a30044,1
a15452,0
a30972,0
a07660,0
a07430,1
a22601,0
a00232,1
a19257,0
a21330,1
a19627,0
a29394,1
a12415,0
a00347,0
a21547,1
a25471,0
a25137,1
a04016,0
a14764,1
a22076,0
a06901,1
a26178,0
a00623,0
a16762,1
a16303,0
a04573,0
a25006,1
a08640,0
a29328,0
a16568,0
a13605,0
a25601,0
a00542,0
a03150,1
a12069,0
a06314,0
a28551,1
a24307,1
a30035,0
a17881,0
a16072,0
a21825,0
a25057,0
a05914,1
a19118,0
a14747,0
a04612,1
a23280,1
a04111,1
a22861,0
a10134,1
a13379,0
a17784,1
a03037,1
a11534,1
a31238,1
a02238,1
a04839,0
a06397,0
a00937,0
a08032,0
a23927,0
a16289,0
a21541,1
a21223,0
a06104,0
a03837,0
a01741,0
a15461,0
a02026,0
a11229,1
a13210,0
a18412,1
a18698,0
a13329,0
a18282,1
a13736,0
a21939,1
a21292,1
a15773,1
a06012,0
a01466,0
a04502,1
a20920,0
a12026,0
a15571,1
a03830,0
a18489,0
a16124,1
a02469,1
a07688,0
a13849,0
a04415,0
a25417,0
a00488,0
a07973,0
a04843,1
a05376,0
a04513,0
a19008,0
a11457,1
a01548,1
a14971,1
a21101,0
a13099,1
a15737,0
a08245,0
a23095,0
a20179,1
a29549,0
a23452,1
a22238,1
a23327,1
a14767,0
a05447,0
a00155,0
a07028,0
a02437,0
a24916,0
a22531,0
a12191,0
a05103,0
a01541,1
a28089,0
a03640,0
a13836,0
a03113,0
a19896,0
a00366,0
a04408,0
a23524,0
a11035,0
a17324,0
a28997,0
a28138,0
a11908,1
a31095,0
a06898,0
a30857,0
a31284,0
a05711,0
a18777,0
a07406,0
a02068,1
a00793,0
a20795,1
a30663,0
a18419,1
a03516,0
a00172,1
a16278,0
a10087,0
a16860,0
a15905,1
a19838,0
a13934,1
a05623,1
a25843,1
a11346,0
a29162,0
a26187,0
a09305,1
a05746,1
a11145,0
a19145,1
a17954,1
a19707,0
a06946,1
a15178,0
a07551,0
a07393,0
a14887,0
a15402,0
a21898,0
a06936,0
a30837,1
a06546,1
a20510,0
a19355,1
a20962,0
a06477,0
a13943,1
a25010,0
a05958,0
a12798,0
a27076,0
a11823,0
a06797,1
a02417,1
a22393,0
a20376,1
a19344,0
a05148,0
a31240,0
a17469,1
a10426,0
a18779,0
a04061,0
a18033,0
a19061,0
a23806,1
a07949,0
a27969,0
a18971,0
a03527,0
a20056,0
a27946,0
a14138,1
a28819,0
a09441,1
a29336,0
a10976,0
a28022,1
a16518,0
a27727,0
a03761,0
a28787,0
a18418,0
a07734,1
a19908,1
a24066,0
a16725,0
a14167,1
a15894,0
a00393,0
a22566,1
a20868,0
a09438,0
a10701,0
a14842,0
a29670,0
a05222,0
a15920,0
a18939,0
a04598,0
a23438,1
a11801,0
a02064,1
a04913,0
a16486,0
a19934,0
a14987,0
a16570,0
a29781,1
a20059,1
a07988,0
a25730,0
a30641,0
a10878,0
a14850,0
a12989,0
a20442,0
a10508,1
a20547,0
a02746,1
a18753,0
a22888,0
a28459,0
a00541,0
a30138,0
a20452,0
a27389,0
a24432,1
a12812,1
a18270,0
a30011,1
a13519,1
a21523,0
a13560,0
a04951,1
a27356,1
a14181,0
a23385,1
a17613,0
a23824,0
a03702,1
a12363,0
a02282,0
a27173,1
a08941,0
a17681,0
a21511,0
a25373,0
a13241,0
a20045,1
a03215,0
a28890,0
a08793,0
a10298,0
a20822,1
a15915,0
a11800,0
a27070,0
a05125,0
a31289,0
a27885,0
a06275,0
a10538,0
a29090,0
a14149,0
a08025,0
a19728,1
a25699,1
a02155,0
a09038,0
a15392,0
a11443,0
a12423,0
a01795,0
a19418,1
a22294,1
a01913,1
a25170,1
a27762,0
a23318,1
a27985,0
a30154,0
a07884,1
a00224,0
a27709,1
a11592,1
a19804,1
a31308,0
a13870,0
a01180,0
a02525,0
a13037,0
a31255,0
a06757,0
a07021,1
a00181,1
a30850,0
a15329,0
a20885,0
a17663,0
a06685,0
a03870,1
a22560,0
a27798,1
a28750,0
a07451,0
a26222,0
a25795,0
a27117,0
a27130,0
a00525,0
a03757,1
a13756,0
a02073,0
a17363,0
a15899,1
a27290,0
a25808,0
a01734,0
a22676,1
a17289,1
a29481,1
a02644,1
a13428,0
a11189,0
a22440,1
a04701,0
a06329,1
a15184,1
a13654,1
a12688,1
a01769,1
a29985,1
a28324,0
a00020,1
a19540,0
a12836,1
a20965,1
a05941,1
a11614,0
a18091,0
a01492,1
a05237,1
a14797,1
a11574,1
a18951,0
a00929,0
a25674,0
a02072,0
a12813,0
a07726,0
a15825,0
a15145,1
a04074,0
a10253,0
a11571,1
a09795,0
a08200,1
a24075,0
a17571,1
a04773,1
a24063,1
a13826,0
a14787,0
a24199,1
a31276,1
a00679,0
a03059,1
a14233,1
a25750,0
a17716,0
a25055,0
a08745,1
a30002,0
a10101,1
a17895,0
a15258,0
a25981,0
a24410,0
a10142,0
a13165,0
a08111,1
a18866,0
a26507,0
a24718,1
a25906,0
a07742,1
a11701,0
a04129,0
a11172,1
a29527,1
a30731,1
a22271,0
a27704,0
a12562,0
a17094,0
a28618,0
a17467,0
a28105,1
a27712,1
a25235,0
a13733,1
a07991,0
a03022,0
a11252,1
a15605,0
a04907,0
a06425,0
a07709,0
a27289,0
a00707,1
a27180,0
a10482,0
a00651,0
a16830,0
a10821,1
a18075,0
a29898,0
a30209,1
a16849,0
a17374,1
a04270,1
a09749,0
a31452,1
a18581,0
a27222,0
a04370,0
a04200,0
a14186,1
a31131,0
a22604,1
a14407,0
a12829,1
a21011,0
a01801,0
a21196,0
a12943,1
a02740,0
a10290,0
a29258,1
a11641,0
a07463,0
a15767,0
a18580,1
a07291,0
a04166,1
a04866,0
a16175,1
a19959,0
a06262,0
a16616,0
a24114,0
a04563,0
a12120,0
a21685,0
a25864,0
a16557,1
a02352,0
a13152,0
a28278,1
a09211,0
a22261,1
a29700,0
a10584,0
a08351,0
a01948,1
a07357,1
a23410,1
a20773,0
a03180,0
a26696,0
a18635,1
a09842,1
a29612,0
a05013,0
a06309,0
a01585,1
a05938,0
a30420,0
a03678,0
a23617,1
a26477,0
a22865,0
a21764,1
a28263,0
a20723,0
a22186,0
a16895,0
a24783,0
a18805,1
a28798,1
a12535,0
a05570,0
a29060,0
a00648,1
a19503,1
a18457,0
a17940,0
a16154,0
a21201,1
a16794,0
a17876,0
a14784,0
a13197,0
a26547,0
a17303,1
a25891,0
a09900,0
a06630,0
a25566,1
a09487,1
a31234,0
a24014,0
a19941,0
a09327,0
a10254,0
a08928,0
a03148,0
